No.,Biking,Smoking,HeartDisease
1,30.8012457,10.896608,11.7694228
2,65,2.22,2.85
3,1.96,17.59,17.18
4,44.8,2.8,6.82
5,69.4,15.97,4.06
6,54.4,29.33,9.55
7,49,9.06,7.62
8,4.78,12.835,15.85
9,65.7,11.991,3.07
10,35.26,23.28,12.1